Top queries,Clicks,Impressions,CTR,Position
bastelschachtel,1155,1778,64.96%,1.14
bastelschachtel wattens,365,1414,25.81%,1
bastelschachtel online shop,91,116,78.45%,1
pentart,57,761,7.49%,3.04
zitas creative,50,198,25.25%,3.41
korbflechten material,46,2606,1.77%,7.71
bastelgeschäft wattens,44,116,37.93%,1.48
pentart glass etching paste,37,258,14.34%,5.09
reispapier basteln,32,1039,3.08%,6.36
korbflechten material set,32,506,6.32%,4.97
korb flechten material,31,2662,1.16%,6.69
bastelgeschäft innsbruck,31,1248,2.48%,4.71
korb flechten,28,2511,1.12%,9.98
scrapbooking,27,1660,1.63%,7.33
bastelbedarf innsbruck,27,555,4.86%,4.59
glasätzpaste,25,665,3.76%,6.18
bastelbedarf online shop österreich,24,844,2.84%,7.85
ätzpaste glas,21,1719,1.22%,9.58
körbe flechten material,21,1132,1.86%,7.46
samtpulver,21,421,4.99%,4
bastelschachtel der online kreativshop,21,44,47.73%,1
zita's creative glasätzungspaste,20,92,21.74%,2.74
bead paste pentart,20,38,52.63%,1.76
spiegelfarbe,19,1941,0.98%,8.01
pentart wax paste,19,173,10.98%,4.88
bastelgeschäft tirol,19,128,14.84%,2.34
reispapier zum basteln,18,572,3.15%,4.72
scrapbook papier,17,651,2.61%,11.99
silikonformen zum basteln,16,1470,1.09%,8.78
korbflechten set,16,322,4.97%,4.74
schattenbox selber machen,16,300,5.33%,5
korb flechten set,15,750,2%,6.14
bastelladen innsbruck,15,650,2.31%,4.84
bastelshop online,15,292,5.14%,7.13
reispapier,14,7918,0.18%,8.93
bastelmaterial bestellen,14,227,6.17%,6.37
edla weihrauch,14,194,7.22%,4.39
material für korbflechten,14,193,7.25%,6.89
korbflechten,13,1081,1.2%,13.81
korb selber flechten material,13,952,1.37%,7.67
uhrwerk mit zeiger,13,686,1.9%,3.69
ätzpaste glas obi,13,624,2.08%,8.08
papierkleber der nicht wellt,13,196,6.63%,3.7
scrapbooking papier,12,480,2.5%,20.07
korbflechten anfänger set,12,280,4.29%,5.94
bonding primer,12,148,8.11%,6.26
bastelbedarf online,11,561,1.96%,5.88
glas ätzen paste,11,456,2.41%,8.18
peddigrohr ideen zum selbermachen,11,167,6.59%,5.63
bonding primer pentart,11,59,18.64%,4.69
korb selber flechten set,10,689,1.45%,8.36
silikonform,10,529,1.89%,5.68
silikonstempel,10,306,3.27%,14.09
bastelshop österreich,10,237,4.22%,7.4
bastel online shop,10,170,5.88%,6.69
wachspaste metallic,10,120,8.33%,4.38
pentart express glue,10,38,26.32%,1.18
peddigrohr flechten,9,1652,0.54%,9.94
korbflechten material kaufen,9,712,1.26%,7.14
korb flechten material kaufen,9,203,4.43%,6.09
scrapbook paper,9,159,5.66%,11.31
bastelgeschäft in der nähe,9,147,6.12%,6.01
samtpulver basteln,9,129,6.98%,2.06
wax paste metallic,9,101,8.91%,6.67
pentart bonding primer,9,42,21.43%,4.55
bastelschachtel at,9,9,100%,1
glas ätzpaste,8,433,1.85%,9.23
tauchfarbe,8,410,1.95%,5.07
bastel online shop österreich,8,271,2.95%,16.47
uhrwerk mit zeiger zum basteln,8,182,4.4%,5.1
material korbflechten,8,178,4.49%,7.25
scrapbook zubehör,8,164,4.88%,7.11
reispapier bedrucken,8,139,5.76%,5.72
peddigrohr set kaufen,8,136,5.88%,6.18
pentart contour liner,8,47,17.02%,2.38
pentart wax paste metallic,8,40,20%,8.93
glasfarbe transparent,7,1107,0.63%,8.77
wachspaste,7,1003,0.7%,4.57
peddigrohr set,7,572,1.22%,5.31
glasfarbe,7,524,1.34%,5.15
schlüsselkasten holz,7,509,1.38%,6.34
handgeschöpftes papier,7,464,1.51%,16.9
peddigrohr flechten ideen,7,399,1.75%,7.8
bastelbedarf online shop,7,269,2.6%,6.51
glas ätzen paste kaufen,7,220,3.18%,7.09
reispapier zum basteln kaufen,7,146,4.79%,4.64
silikonformen kaufen österreich,7,128,5.47%,5.43
pu gießharz,7,119,5.88%,6.76
bastelzubehör onlineshop,7,110,6.36%,5.43
zitas creative ätzpaste,7,81,8.64%,3.8
schattenbox anleitung,7,75,9.33%,6.37
pouring glaze,7,70,10%,2.91
pentart farben,7,68,10.29%,3.56
pentart bead paste,7,11,63.64%,1.36
uhu stick,6,2643,0.23%,9.3
strohseide,6,1239,0.48%,7.95
styrofoam,6,780,0.77%,6.99
papierkleber,6,612,0.98%,7.27
klebeschablonen,6,229,2.62%,8.57
zita's creative,6,70,8.57%,3.79
edla wunderkerzen,6,68,8.82%,1.85
ornament,5,2807,0.18%,8.19
peddigrohr,5,2207,0.23%,12.11
scrapbook,5,1739,0.29%,8.28
spiegel farbe,5,1107,0.45%,8.78
bastelgeschäft,5,685,0.73%,10.31
körbe flechten,5,341,1.47%,12.67
uv kleber,5,276,1.81%,7.66
bastelgeschäft innsbruck dez,5,206,2.43%,8.21
silikonformen basteln,5,196,2.55%,6.83
antikpaste,5,163,3.07%,4.07
bastelbedarf österreich,5,161,3.11%,7.89
bastelbedarf online-shop österreich,5,157,3.18%,5.87
weidenkorb flechten set,5,156,3.21%,7.12
modellbau lackieren,5,132,3.79%,7.27
online bastelshop,5,115,4.35%,12.82
resin formen,5,113,4.42%,2.94
reispapier ostern,5,100,5%,6.97
pentart pouring glaze,5,53,9.43%,5.17
pouring glaze pentart,5,31,16.13%,3.74
kleiderbügel zum bemalen,5,8,62.5%,3.75
spiegelfarbe wand,4,1474,0.27%,9.51
uhrwerk,4,1214,0.33%,10.81
goldpapier,4,603,0.66%,7.16
filzkleber,4,563,0.71%,4.47
acrylic paint,4,531,0.75%,9.9
kreativ shop,4,482,0.83%,7.96
glas ätzen,4,467,0.86%,9.24
uv resin,4,462,0.87%,6.81
glasmalfarbe transparent,4,389,1.03%,9.43
eisenpaste,4,352,1.14%,5.92
bastelbedarf,4,320,1.25%,23.83
holzkranz,4,300,1.33%,4.11
nussknacker silikonform,4,263,1.52%,11.48
modellauto lackieren,4,245,1.63%,4.76
perlonfaden,4,176,2.27%,5.55
dekorbeton,4,171,2.34%,9.54
tauchfarben,4,137,2.92%,6.17
bastelzubehör kaufen,4,130,3.08%,8.15
basteln mit peddigrohr,4,129,3.1%,7.18
glasfarbe durchsichtig,4,118,3.39%,9.65
peddigrohr anfänger set,4,114,3.51%,9.8
glanzlack,4,110,3.64%,4.4
heavy body gel,4,95,4.21%,10.01
jovi modelliermasse,4,94,4.26%,4.83
silikon stempel,4,66,6.06%,11.38
wunderkerzen,4,63,6.35%,8.4
peddigrohr kaufen,4,61,6.56%,12.56
silikonform würfel,4,39,10.26%,7.87
bastelfilz 1mm,4,35,11.43%,16.83
pentart pigment fix,4,31,12.9%,13.42
teelichtdocht,4,27,14.81%,9.78
servietten decoupage,4,25,16%,5.4
wax paste pentart,4,23,17.39%,5.43
uhrwerke mit zeiger,4,13,30.77%,6.85
pentart candle glue,4,7,57.14%,1.71
pentart glass paint,4,7,57.14%,4.29
serviettenkleber,3,1443,0.21%,6.83
lederfarbe,3,1128,0.27%,10.77
perlmutt farbe,3,1005,0.3%,3.14
heißklebestift,3,742,0.4%,8.15
flüssiges metall,3,692,0.43%,19.6
tontopf mit untersetzer,3,473,0.63%,6.48
satinband,3,467,0.64%,9.72
leinenband,3,331,0.91%,13.68
pappschachtel,3,284,1.06%,10.03
bastel schablonen,3,219,1.37%,5.65
acrylfarbe perlmutt,3,219,1.37%,9.61
flechten mit peddigrohr,3,209,1.44%,10.39
scrapbooking shop,3,181,1.66%,34.82
holzstreifen dünn,3,180,1.67%,5.93
peddigrohr stern anleitung,3,178,1.69%,5.19
silikonform basteln,3,144,2.08%,7.94
schattenbox basteln,3,138,2.17%,7.64
reisslack,3,136,2.21%,17.19
ätzpaste glas gefährlich,3,135,2.22%,4.62
ätzpaste für glas,3,127,2.36%,9.06
styropor figuren,3,119,2.52%,11.13
korbboden peddigrohr,3,112,2.68%,6.79
kleber der papier nicht wellt,3,111,2.7%,7.43
raysin 100,3,111,2.7%,10.72
was ist reispapier zum basteln,3,107,2.8%,4.6
reispapier bilder,3,103,2.91%,4.83
embossing stift,3,101,2.97%,15.03
strohseide basteln,3,97,3.09%,7.62
kerzenkleber kaufen,3,95,3.16%,10.47
scrap booking,3,86,3.49%,6.87
reispapier weihnachten,3,74,4.05%,9.24
etching paste,3,68,4.41%,5.54
serviettentechnik set,3,64,4.69%,8.11
prägestift,3,60,5%,9.07
mirror mist,3,52,5.77%,5.85
glass etching paste pentart,3,38,7.89%,4.29
silikonform kleeblatt,3,37,8.11%,10.05
edla weihrauch kaufen,3,33,9.09%,5.18
wax paste,3,32,9.38%,4.44
steinkleber basteln,3,28,10.71%,7.75
pentart velvet powder,3,26,11.54%,2
personalisierte vorratsgläser,3,25,12%,4.16
expand paste,3,20,15%,4.2
pentart uv resin,3,19,15.79%,4.79
pentart express transfer,3,19,15.79%,14.95
pentart liquid metal,3,16,18.75%,7.25
pentart patina effect set,3,16,18.75%,8.19
pentart deluxe paste,3,14,21.43%,6.43
uhrwerk und zeiger kaufen,3,12,25%,4.83
pentart glossy varnish,3,9,33.33%,3.89
pentart cracking paste,3,8,37.5%,5.75
wundertüte wolle,3,7,42.86%,8.86
silikonform blumenmädchen,3,4,75%,3.25
patina,2,2421,0.08%,8.5
bastelfilz,2,1144,0.17%,8.26
bastel,2,917,0.22%,9.46
foam clay,2,840,0.24%,10.74
silikonform nussknacker,2,705,0.28%,11.95
uhrblatt,2,581,0.34%,5.04
material zum korbflechten,2,524,0.38%,7.57
vogelhaus bastelset,2,379,0.53%,10.68
bastelwellpappe,2,374,0.53%,5.94
krakelierlack,2,358,0.56%,8.33
dekoband,2,350,0.57%,9.61
steinpaste,2,346,0.58%,10.55
basteln mit strohseide,2,320,0.62%,9.2
tontöpfe mit untersetzer,2,310,0.65%,5.93
korbflechtset,2,310,0.65%,9.51
deko klebeband,2,304,0.66%,12.53
weidenkorb flechten material,2,270,0.74%,10.19
textilmedium,2,269,0.74%,8.77
uhustick,2,265,0.75%,5
leuchtfarbe,2,265,0.75%,6.64
bastelshop,2,259,0.77%,20.21
silk clay,2,212,0.94%,8.37
feentür,2,211,0.95%,8.59
korbboden,2,187,1.07%,5.96
perlmutt farbe acryl,2,186,1.08%,10.27
bastelset korbflechten,2,184,1.09%,5.36
peddigrohr korbflechten material,2,178,1.12%,7.73
dekobänder,2,171,1.17%,13.74
wellpappe zum basteln,2,170,1.18%,4.92
tauchlack,2,164,1.22%,14.59
glasfarbe wasserfest,2,156,1.28%,6.65
transparente glasfarbe,2,150,1.33%,9.49
silikonform gans,2,150,1.33%,10.32
minibox,2,147,1.36%,4.84
betonengel,2,142,1.41%,7.65
transfermittel,2,136,1.47%,4.38
scrapbook online shop,2,131,1.53%,32.77
scrapbooking online shop,2,130,1.54%,29.54
bastelshop online österreich,2,128,1.56%,11.16
peddigrohr basteln,2,126,1.59%,6.3
gibt es spiegelfarbe,2,123,1.63%,2.26
bastel geschäft,2,123,1.63%,9.22
kreativshop online,2,115,1.74%,5
silikonform hufeisen,2,109,1.83%,9.16
scrapbook shop,2,106,1.89%,22.78
gold papier,2,105,1.9%,7.45
holzbaum basteln,2,103,1.94%,3.2
tablett flechten,2,98,2.04%,6.78
lederfarbe braun,2,96,2.08%,3.92
uhrwerk zum basteln,2,92,2.17%,6.71
lederfarbe kaufen wien,2,92,2.17%,10.15
bastelzubehör online,2,88,2.27%,4.7
tauchlack zum basteln kaufen,2,88,2.27%,6.97
metallic acrylfarbe,2,79,2.53%,4.57
neon acrylfarbe,2,74,2.7%,5.76
satinband 40mm,2,71,2.82%,8.21
glasfarben transparent,2,70,2.86%,10.53
styroporkugeln 8 cm durchmesser,2,70,2.86%,11.29
ätzpaste glas kaufen,2,68,2.94%,7.82
berg schablone,2,66,3.03%,8.91
bastelversand,2,62,3.23%,8.44
strohseide kaufen,2,57,3.51%,13.46
wachsperlen 3mm,2,56,3.57%,11.52
tauchfarbe basteln,2,54,3.7%,5.31
silikonformen ornamente,2,54,3.7%,8.43
beton engel,2,52,3.85%,7.42
pentart antique paste,2,51,3.92%,5.29
wattekugel,2,50,4%,4.28
strohseidenpapier mit motiv,2,50,4%,4.86
bastelshops online,2,48,4.17%,22.29
pentart shop,2,47,4.26%,3.17
schachtel in buchform,2,46,4.35%,2.93
malerschablonen bordüre,2,41,4.88%,5
lederfarbe dunkelbraun,2,40,5%,5.45
ätzpaste glas hornbach,2,37,5.41%,7.14
zeiger für uhrwerk,2,36,5.56%,6.03
teelicht docht,2,34,5.88%,6.97
pentart heavy body gel,2,34,5.88%,10.5
deko bänder,2,33,6.06%,2.24
satinband 4 cm breit,2,33,6.06%,3.33
silikonform hase,2,33,6.06%,5.03
silikonform gnom,2,33,6.06%,8.27
glasmalfarbe,2,33,6.06%,17.06
servietten mit katzenmotiv,2,31,6.45%,5.32
express kleber,2,29,6.9%,3.86
glasätzcreme,2,28,7.14%,7.04
schneeflocken aus filz,2,28,7.14%,8.5
scrapbook papier 30 x 30,2,27,7.41%,8.19
silikonform schaf,2,25,8%,6.24
silikonformen für resin,2,25,8%,6.84
wollpaket,2,25,8%,16.6
bastelversand österreich,2,24,8.33%,6.92
pigment fix,2,23,8.7%,3.83
uv lampe basteln,2,23,8.7%,5.35
mosaiksteine kaufen österreich,2,23,8.7%,9.09
bastelladen online,2,23,8.7%,15.26
pentart glaze paste,2,22,9.09%,3.95
schlüsselkasten gross,2,22,9.09%,12.09
scrappbook papier,2,21,9.52%,6.43
pentart mirror mist,2,20,10%,4.4
decoupage set,2,20,10%,8.05
uhrwerk mit zeigern,2,17,11.76%,8.88
kreativ geschäft,2,17,11.76%,9.06
bordüren schablonen,2,17,11.76%,9.35
silikonform barock,2,17,11.76%,9.53
online shop bastelbedarf,2,17,11.76%,37.12
dekor paint chalky,2,16,12.5%,7
flüssig kupfer,2,15,13.33%,10.47
silikonform knochen,2,14,14.29%,5.64
pentart dekor paint,2,13,15.38%,8.85
samtpuder,2,12,16.67%,11
silk clay kaufen,2,8,25%,3.88
pentart metallic wax paste,2,7,28.57%,5.57
bedrucktes transparentpapier,2,7,28.57%,6.14
pentart super glass resin,2,7,28.57%,7.14
contour liner pentart,2,5,40%,2.4
iron paste,2,5,40%,2.8
bastelschachtel schule,2,5,40%,3.6
vorratsgläser personalisiert,2,5,40%,3.6
scrapbookmaterialen,2,5,40%,11.2
pentart products,2,4,50%,2.25
bastelfolie bunt,2,4,50%,5
holzsterne zum basteln,2,4,50%,5.75
druckerpapier vintage,2,4,50%,6.5
raysin 100 10kg,2,4,50%,17.25
pouring medium,2,3,66.67%,3
holzring 25 cm durchmesser,2,3,66.67%,6.33
pentart crystal paste,2,2,100%,2
kleeblatt,1,7640,0.01%,10.04
kleeblatt glück,1,1232,0.08%,5.34
peddigrohr korb,1,1126,0.09%,7.92
glaze,1,904,0.11%,7.14
mosaik,1,719,0.14%,11.55
holzbaum,1,621,0.16%,4.46
glasfarben,1,616,0.16%,7.5
kreativshop,1,586,0.17%,9.77
bastelpapier,1,538,0.19%,13.64
schlüsselring,1,503,0.2%,6.69
bindfaden,1,500,0.2%,4.57
kerzenkleber,1,425,0.24%,8.36
spiegelfarbe silber,1,386,0.26%,10.5
filzhasen,1,372,0.27%,7.42
lederfarbe schwarz,1,371,0.27%,4.97
korb material,1,368,0.27%,9.92
flummies,1,367,0.27%,8.05
zeichenblock a3,1,365,0.27%,9.94
ösenstift,1,342,0.29%,10.62
ornamente,1,341,0.29%,12.62
messing farbe,1,327,0.31%,5.07
tontopf untersetzer,1,326,0.31%,6.47
styropor kegel,1,311,0.32%,5.39
liquid watercolor,1,304,0.33%,7.69
streudeko,1,302,0.33%,5.01
mosaik spiegel,1,296,0.34%,7.52
glasmalfarben transparent,1,296,0.34%,11.16
watercolor,1,293,0.34%,7.25
raysin,1,289,0.35%,9.15
bastelset vogelhaus,1,286,0.35%,8.74
steinpaste kaufen,1,283,0.35%,11
bastelwatte,1,282,0.35%,6.9
reispapier kaufen,1,282,0.35%,9.22
kleber papier,1,272,0.37%,7.1
bastel shop,1,242,0.41%,12.59
scrapbook kaufen,1,240,0.42%,23.79
silikonformen,1,214,0.47%,26.54
glücksbringer kleeblatt,1,213,0.47%,8.67
bastelfolie,1,204,0.49%,9.71
filz kleber,1,198,0.51%,6.5
reis papier,1,198,0.51%,8.48
peddigrohr ideen,1,194,0.52%,6.84
embossing,1,192,0.52%,13.71
korbflechten peddigrohr,1,180,0.56%,10.01
flüssiges kupfer,1,178,0.56%,8.54
material zum körbe flechten,1,174,0.57%,8.07
decoupage kleber,1,171,0.58%,11.36
perlmutt acrylfarbe,1,168,0.6%,9.63
häkelnadel,1,163,0.61%,15.9
zeichenblock dürer hase,1,162,0.62%,8.35
reißlack,1,159,0.63%,6.38
frosteffekt farbe,1,149,0.67%,3.18
dürer hase zeichenblock,1,144,0.69%,8.56
korbflecht material,1,142,0.7%,7.26
nachtleuchtende acrylfarbe,1,141,0.71%,11.96
korbgeflecht material,1,140,0.71%,9.14
basteln schablonen,1,139,0.72%,7.19
creamy türkis,1,139,0.72%,10.27
aufhänger für styroporkugeln,1,137,0.73%,9.97
flechten korb,1,135,0.74%,11.52
bastelbedarf shop,1,133,0.75%,23.76
papierblock,1,131,0.76%,37
holzmandala,1,129,0.78%,3.74
spaltring,1,127,0.79%,4.99
bastelbedarf online kaufen,1,127,0.79%,19.28
bastel onlineshop,1,122,0.82%,36.41
silikonform ornamente,1,120,0.83%,8.04
schablone delfin,1,119,0.84%,5.17
acryl glocke,1,117,0.85%,4.31
schneepaste,1,115,0.87%,3.62
farbe perlmutt,1,115,0.87%,4.33
metallic wachs,1,115,0.87%,16.33
körbe flechten set,1,114,0.88%,6.26
holz ornamente,1,113,0.88%,4.61
kordel schnur,1,112,0.89%,6.12
bordüre schablone,1,110,0.91%,8.43
eisstiele kaufen,1,109,0.92%,8.17
frühlingsfee,1,108,0.93%,2.7
filzbaum,1,108,0.93%,7.71
peddigrohr basteln weihnachten,1,108,0.93%,7.8
acrylfarbe nachtleuchtend,1,107,0.93%,9.05
metallflocken,1,107,0.93%,9.95
strohseidenpapier basteln,1,105,0.95%,9.43
konturfarbe,1,104,0.96%,6.62
glitzer pulver,1,104,0.96%,10.3
bastelset ostern,1,103,0.97%,8.96
kupferdraht dick,1,100,1%,8.02
batterie uhrwerk mit zeiger,1,98,1.02%,6.68
leuchtfarben,1,98,1.02%,8.84
peddigrohr kaufen wien,1,98,1.02%,14.55
glasfarben wasserfest,1,96,1.04%,6.29
silikonform glücksbringer,1,94,1.06%,6.94
scrapbooking zubehör,1,94,1.06%,12.57
handgeschöpftes papier kaufen,1,90,1.11%,10.52
holzkranz basteln,1,88,1.14%,8.68
die cuts,1,87,1.15%,7.03
plastikkugel,1,86,1.16%,12.08
glow in the dark farbe,1,86,1.16%,16.3
schablonierpaste,1,85,1.18%,4.15
embossing pulver,1,85,1.18%,10.11
silikonformen ornamente zum basteln,1,84,1.19%,6.38
bastel shops,1,84,1.19%,40.26
ätzpaste,1,83,1.2%,8.2
mosaik kleben,1,82,1.22%,14.05
silikonform schwein,1,81,1.23%,7.49
goldpapier kaufen,1,80,1.25%,8.51
papierschnur,1,79,1.27%,9.01
uhu stick groß,1,78,1.28%,7.04
scrap book,1,77,1.3%,8.03
styroporeier kaufen,1,77,1.3%,9.73
perlenstift,1,76,1.32%,5.84
bilderösen metall,1,75,1.33%,8.68
schablone berge,1,71,1.41%,4.7
glas ätzen schablone,1,71,1.41%,8.32
metall blumen deko,1,71,1.41%,10.28
bastelkastl,1,70,1.43%,6.47
mdf ornamente shop,1,70,1.43%,17.91
zeichenmarker,1,69,1.45%,6.45
peddigrohr weihnachten,1,69,1.45%,7
schablone bordüre,1,68,1.47%,8.09
holzplatte oval,1,68,1.47%,9.35
kreativ online shop,1,67,1.49%,5.01
bastelgeschäft online,1,67,1.49%,5.54
handgeschöpftes papier österreich,1,67,1.49%,7.76
anti stress malbuch,1,67,1.49%,9.03
glasfarbe orange,1,65,1.54%,9.63
fugenpulver,1,63,1.59%,4.52
modellbau kunststoff lackieren,1,63,1.59%,22.44
bastelwatte kaufen,1,61,1.64%,10.67
glas bemalen transparent,1,61,1.64%,11.84
bastelgeschäfte innsbruck,1,60,1.67%,4.95
embossing stempelkissen,1,60,1.67%,6.7
ätzpaste glas selber machen,1,60,1.67%,9.87
schlüsselkästchen holz,1,60,1.67%,10.3
silikonform tannenbaum,1,59,1.69%,9.32
bastelbedarf kaufen,1,59,1.69%,14.36
silikonformen resin,1,59,1.69%,17.98
lederfarbe beige,1,58,1.72%,3.86
korbflecht set,1,58,1.72%,7.6
plastikglocke,1,56,1.79%,5.11
jovi modelliermasse anleitung,1,56,1.79%,5.39
innsbruck bastelgeschäft,1,55,1.82%,3.38
reispapier kunst,1,55,1.82%,5.67
silikonform zum basteln,1,55,1.82%,8.22
textilmedium acryl,1,54,1.85%,9.91
styroporfiguren,1,53,1.89%,11.89
flechtarbeiten,1,53,1.89%,22.25
alkohol spray,1,52,1.92%,4.81
bastel material,1,52,1.92%,8.85
bastel laden,1,52,1.92%,9.21
flachdocht,1,51,1.96%,3.76
dekorlack,1,51,1.96%,6.27
körbe selber flechten material,1,51,1.96%,6.45
material zum korbflechten kaufen,1,51,1.96%,7.96
stempelfarbe weiß,1,51,1.96%,13.98
scrapbooks,1,50,2%,7.74
herz schachtel,1,48,2.08%,6.4
schlüsselbox holz,1,48,2.08%,8.88
bastelsachen online,1,47,2.13%,12.55
basteln online shop,1,46,2.17%,5.83
bastelsachen bestellen,1,46,2.17%,5.89
silikonformen blätter,1,46,2.17%,7.17
silikonform schweinchen,1,46,2.17%,9.13
silikonformen frühling,1,45,2.22%,4.78
glasharz,1,45,2.22%,4.84
glass etching paste,1,45,2.22%,4.87
galaxy flakes,1,45,2.22%,7.02
hartlack,1,45,2.22%,8.18
holz schlüsselkasten,1,44,2.27%,4.68
glass color farben,1,44,2.27%,7.45
filzbaum basteln,1,44,2.27%,8.61
rauchfangkehrer basteln,1,44,2.27%,8.68
farbe für spiegel,1,44,2.27%,9.5
blumentopf upcycling,1,44,2.27%,15.14
silikonform ornament,1,43,2.33%,2.81
ostereier schablone,1,43,2.33%,3.72
basteln online,1,43,2.33%,5
holzlasur blau,1,43,2.33%,7.63
glass paste,1,43,2.33%,9.12
scrapbook shop online,1,42,2.38%,44.29
modelle lackieren,1,41,2.44%,5.88
scrappbooking,1,41,2.44%,5.93
modelling paste,1,41,2.44%,8.24
metallic acrylfarben,1,40,2.5%,4.58
glitter pen,1,40,2.5%,6.42
bastel uhrwerk,1,39,2.56%,8.97
pettichrohr flechten,1,39,2.56%,9.92
glasfarbe transparent spray,1,39,2.56%,10.18
textilfarben spray,1,39,2.56%,27.64
peddigrohr bastelset,1,38,2.63%,3.71
styropor figur,1,38,2.63%,16.79
uhrwerk mit batterie,1,37,2.7%,7.11
mirror paint,1,37,2.7%,10.54
glänzende acrylfarben,1,36,2.78%,4.89
patina grün,1,36,2.78%,5.11
uhrwerk mit zeiger für wanduhr,1,36,2.78%,6.44
satinierpaste für glas,1,36,2.78%,9.86
softtouch lack,1,36,2.78%,14.86
peddigrohr brotkorb,1,35,2.86%,4.91
bastel zubehör,1,35,2.86%,5.2
docht für teelichter,1,35,2.86%,5.94
scrapbooking set,1,35,2.86%,6.14
spiegel farbe kaufen,1,35,2.86%,8.49
igel bastelset,1,35,2.86%,9.23
dekoband spitze,1,35,2.86%,17.46
scrapbooking material,1,35,2.86%,30.83
online bastelbedarf,1,34,2.94%,5.12
häkelboden,1,34,2.94%,5.41
schlitten für holzknechte,1,34,2.94%,6.15
leuchtfarbe acryl,1,34,2.94%,9.5
liquid watercolors,1,33,3.03%,7.55
kettelstift,1,33,3.03%,8.06
stifte 3d effekt,1,33,3.03%,11.79
bastelzubehör online bestellen,1,33,3.03%,25.15
reispapier malen,1,32,3.12%,4.81
spiegeleffekt spray,1,32,3.12%,6.25
holzlasur türkis,1,32,3.12%,6.53
gutschein an flasche binden,1,32,3.12%,8.25
chamäleon farbe acryl,1,32,3.12%,10.5
filz auf filz kleben,1,32,3.12%,15.81
teebeutelbox,1,32,3.12%,16.34
lederfarbe wien,1,32,3.12%,38.06
kerzen kleber,1,31,3.23%,5.87
draht dick,1,31,3.23%,6.06
bastelkataloge österreich,1,31,3.23%,7.45
metallic wax paste,1,31,3.23%,7.71
holz serviettenhalter,1,31,3.23%,12.74
nachtleuchtfarbe acryl,1,31,3.23%,31.06
bastelbedarf in der nähe,1,30,3.33%,4.07
leinen band,1,30,3.33%,6.13
silikonformen glücksbringer,1,30,3.33%,6.37
peddigrohr flechten set,1,29,3.45%,4.21
brotkorb basteln,1,29,3.45%,6.83
metall ornamente basteln,1,29,3.45%,9.28
silikonform ahornblatt,1,29,3.45%,10.45
foamclay,1,28,3.57%,6.93
bester kleber für papier,1,28,3.57%,9.18
peddigrohr tablett flechten anleitung,1,28,3.57%,9.21
mosaiksteine,1,28,3.57%,39.96
einhorn servietten,1,27,3.7%,5.26
blätter silikonform,1,27,3.7%,10.63
shadowbox,1,27,3.7%,12.04
körbchen flechten,1,26,3.85%,15.08
colorino stifte,1,25,4%,4.4
bastelgeschäft hall in tirol,1,25,4%,7.8
uv aushärtelampe,1,25,4%,8.36
wattekugeln basteln,1,25,4%,8.36
stempel silikon,1,25,4%,8.4
krakelierlack kaufen,1,25,4%,8.76
bastelset igel,1,25,4%,9.2
silikonform schneemann,1,25,4%,10.2
bastelsachen,1,25,4%,24.4
schablone selbstklebend,1,25,4%,27.32
uhrwerk mit zeiger kaufen,1,24,4.17%,6.92
perlkappen,1,24,4.17%,8.33
spitzenband grün,1,24,4.17%,9.75
österreich basteln,1,24,4.17%,12.62
motivtaschentücher,1,24,4.17%,19.33
siebdruckschablone,1,23,4.35%,7.87
scrapbook material,1,23,4.35%,16.78
karten figuren,1,22,4.55%,2.09
glasperlen 2mm,1,22,4.55%,4
engel aus beton groß,1,22,4.55%,4.64
feuerfestes gießpulver,1,22,4.55%,5
antik grün farbe,1,22,4.55%,5.32
juteband braun,1,22,4.55%,7.5
wandfarbe spiegeleffekt,1,22,4.55%,7.5
serviette rose,1,22,4.55%,7.86
weihnachtsservietten für serviettentechnik,1,22,4.55%,8.86
filzbänder breit,1,22,4.55%,9.27
leucht acrylfarbe,1,22,4.55%,10.05
zeichenblock a3 dürer hase,1,22,4.55%,10.41
kleber für papier ohne wellen,1,22,4.55%,13.14
bastel schablone,1,21,4.76%,3.52
uhrwerk für wanduhr mit zeiger,1,21,4.76%,7.86
weihnachtsmarke,1,21,4.76%,8.76
jukebox basteln,1,21,4.76%,9
effekt spachtelmasse,1,21,4.76%,9.05
uv harz,1,21,4.76%,10.29
holzlasur bastelbedarf,1,21,4.76%,17.1
schneepaste kaufen,1,20,5%,9.05
lederfarbe orange,1,20,5%,9.2
strohseide papier,1,20,5%,10.3
osterbastelset,1,19,5.26%,7.05
schlüsselring 25mm,1,19,5.26%,8.68
kupferdraht,1,19,5.26%,17.79
brotkorb selber basteln,1,18,5.56%,4.5
pentart metal pigment,1,18,5.56%,4.61
kupfer flüssig,1,18,5.56%,7.44
scrapbook papier kaufen,1,18,5.56%,9.44
batterie uhrwerk,1,18,5.56%,10.22
bastelversand online,1,18,5.56%,29.83
lederfarbe gelb,1,17,5.88%,4.41
juteband dunkelbraun,1,17,5.88%,5
pentart antiquing gel,1,17,5.88%,5.47
uv lampe für kleber,1,17,5.88%,6.47
bastel bänder,1,17,5.88%,6.94
3d puzzle taj mahal,1,17,5.88%,9.71
styropor eier groß,1,17,5.88%,9.88
giessform nussknacker,1,17,5.88%,10.94
kreativ shop online,1,17,5.88%,10.94
magnetfarbe schwarz,1,17,5.88%,12.29
acryl medaillon,1,16,6.25%,5
edelsteinkleber,1,16,6.25%,5.88
servietten afrika,1,16,6.25%,6
silikonform ohrringe,1,16,6.25%,6
uhrwerk batterie,1,16,6.25%,6.25
miniblumen,1,16,6.25%,6.38
rote lederfarbe,1,16,6.25%,6.56
herbstfee basteln,1,16,6.25%,6.88
blätter schablone,1,16,6.25%,7.19
uhrzeiger mit uhrwerk kaufen,1,16,6.25%,7.69
ätzpaste glas baumarkt,1,16,6.25%,11.44
bastelshop innsbruck,1,15,6.67%,4.2
express glue,1,15,6.67%,6.27
tauchlack kaufen,1,15,6.67%,6.4
eisblumen effekt paste,1,15,6.67%,6.73
heyda krepppapier,1,15,6.67%,8.8
styroporkugeln 8 cm,1,15,6.67%,11.2
deko klebebänder,1,15,6.67%,16.53
pentart patina,1,14,7.14%,4.64
josys bastelmärchen reispapier,1,14,7.14%,5
pentart patina liquid,1,14,7.14%,6.5
silikonformen zum kerzengießen,1,14,7.14%,8.21
scrapbook materialien,1,14,7.14%,20.43
patina blau,1,13,7.69%,4.54
servietten für serviettentechnik vintage,1,13,7.69%,5
harz set,1,13,7.69%,7.15
filz figuren weihnachten,1,13,7.69%,8.15
uv licht kleber,1,13,7.69%,10.85
tipp ex bunt,1,13,7.69%,11.31
korbflechten werkzeug,1,13,7.69%,11.85
schachtel buchform,1,12,8.33%,4
strohseide mit motiv,1,12,8.33%,4.17
pentart light modeling paste,1,12,8.33%,6.58
metallic wax,1,12,8.33%,6.83
pentart dekor paint chalky,1,12,8.33%,7.08
nussknacker giessform,1,12,8.33%,9
silikon form floral,1,12,8.33%,9.58
glass farben,1,12,8.33%,19.25
patina kaufen,1,11,9.09%,4.45
antik schwarz farbe,1,11,9.09%,7.18
band lila,1,11,9.09%,7.18
modell lackieren,1,11,9.09%,7.27
holzring 20 cm durchmesser,1,11,9.09%,7.91
braun effekt,1,11,9.09%,8.09
flüssige modelliermasse,1,11,9.09%,8.64
kürbis silikonform,1,11,9.09%,8.82
holzring 20cm,1,11,9.09%,9.64
swarovskistraße 3 6112 wattens,1,10,10%,2
pentart rust effect set,1,10,10%,2.7
prägestifte set,1,10,10%,6
frostfarbe,1,10,10%,6.7
diamond painting fußball,1,10,10%,6.8
motivpapier ostern,1,10,10%,7.8
pentart crackle varnish,1,9,11.11%,3.89
bastelshop in der nähe,1,9,11.11%,4
velvet powder,1,9,11.11%,4.33
blattmetall flocken,1,9,11.11%,5.33
silikon stempel set,1,9,11.11%,6
gecko figur,1,9,11.11%,6.56
multi marker,1,9,11.11%,7.67
etch paste,1,9,11.11%,8.22
pentart moss effect paste,1,9,11.11%,8.78
hier wohnt das glück,1,9,11.11%,27.89
silikonform bilderrahmen,1,9,11.11%,56.33
holzfiguren set,1,8,12.5%,5.75
pentart liquid metal gold,1,8,12.5%,6
pentart primer,1,8,12.5%,6.12
papierkleber schnelltrocknend,1,8,12.5%,6.88
bunte holzstäbchen,1,8,12.5%,8.12
acrylfarbe leuchtet im dunkeln,1,8,12.5%,8.25
engelsflügel aus pappe,1,8,12.5%,8.62
raysin 100 gießpulver,1,8,12.5%,9.88
vorratsglas personalisiert,1,8,12.5%,10.5
resin gießformen,1,8,12.5%,12.62
pentart shimmer glaze,1,7,14.29%,2.71
decoupage papier selber drucken,1,7,14.29%,3.29
pentart pigment powder,1,7,14.29%,4
pentart metal leaf glue,1,7,14.29%,4.29
creativ multi marker,1,7,14.29%,5.14
uhrwerk für selbstgemachte uhr,1,7,14.29%,5.43
pappschachtel buch,1,7,14.29%,5.57
scrapbookladen,1,7,14.29%,5.57
styroporkugeln 10 cm durchmesser,1,7,14.29%,6.29
die miezekatze,1,7,14.29%,6.43
kreativ shops,1,7,14.29%,6.86
dochte für teelichter kaufen,1,7,14.29%,8
silikonform uhr,1,7,14.29%,8.71
wasserfarben flüssig,1,7,14.29%,8.86
textilkleber für filz,1,7,14.29%,9.43
holzperlen schwarz,1,7,14.29%,10
wunderkerzen kaufen österreich,1,7,14.29%,10.14
häkelnadel 3 mm,1,7,14.29%,11.57
formati hefte,1,7,14.29%,27
silikonform quadrat,1,7,14.29%,33.43
express glue pentart,1,6,16.67%,1.17
pentart glow,1,6,16.67%,2.67
kerzen gießen formen zylinder,1,6,16.67%,4.17
reisslack kaufen,1,6,16.67%,5.33
kik doppelseitiges klebeband,1,6,16.67%,5.67
plein papier,1,6,16.67%,6
rocailles perlen 2mm,1,6,16.67%,7.67
kunststoff glocke,1,6,16.67%,8.17
lösungsmittelfreier klarlack,1,6,16.67%,11.33
acrylfarben leuchtend,1,6,16.67%,17
was ist das,1,6,16.67%,19.5
acryl farben kaufen,1,6,16.67%,27.5
schablonen für spachteltechnik,1,6,16.67%,37.83
glow in the dark paint,1,6,16.67%,64.17
pentart fineline crackle varnish,1,5,20%,1.8
rund ums jahr,1,5,20%,3.8
lederfarbe rosa,1,5,20%,4.8
holzlasur blau innen,1,5,20%,5.6
mini kerzenhalter,1,5,20%,6
saatperlen glas,1,5,20%,7
filzkordel meterware,1,5,20%,7.2
beton gießen set,1,5,20%,7.4
bastelartikel bestellen,1,5,20%,7.6
pappschachtel quadratisch,1,5,20%,8.6
korb basteln,1,5,20%,8.8
armband medaillon,1,5,20%,10
teelichtdochte kaufen,1,5,20%,12
korbflechten mit peddigrohr,1,5,20%,14.2
papier handgeschöpft,1,5,20%,14.6
foam basteln,1,5,20%,16.2
styrofoam figures,1,4,25%,1.25
glaze paste,1,4,25%,1.5
pentart glow in the dark,1,4,25%,2.75
glossy varnish,1,4,25%,3
eco glitter,1,4,25%,3.5
nikolaussackerl papier,1,4,25%,4.25
silikonform ostern,1,4,25%,6.25
holzring basteln 20 cm,1,4,25%,6.5
scrapbook block,1,4,25%,6.5
mobile selber basteln holz,1,4,25%,7
silikonform herzschale,1,4,25%,7
juteband action,1,4,25%,7.75
filz krone basteln,1,4,25%,8
pentart glossy varnish water based,1,4,25%,8.5
filzkrone selber machen,1,4,25%,9.5
acrylfarbe wasserlöslich,1,4,25%,9.75
styropor figuren weihnachten,1,4,25%,10.25
herz karton,1,4,25%,11
peddigrohr braun,1,4,25%,11.25
füllwatte,1,4,25%,18
bastelutensilien online,1,4,25%,19
antiquing gel pentart,1,3,33.33%,1
klarsichthüllen a4,1,3,33.33%,1.33
pentart decoupage varnish and glue,1,3,33.33%,1.33
pentart stencil paste,1,3,33.33%,1.33
frühling silikonformen,1,3,33.33%,2
scrapbook vintage,1,3,33.33%,3
schnelltrocknender lack,1,3,33.33%,4
farbe für glas bemalen,1,3,33.33%,4.33
artists acrylic,1,3,33.33%,5
silikonform mama,1,3,33.33%,5
decoupage reispapier,1,3,33.33%,5.67
türschmuck halloween,1,3,33.33%,6
mobile bastelset,1,3,33.33%,6.33
italienisches krepppapier,1,3,33.33%,6.67
papp figur,1,3,33.33%,6.67
stencil paste,1,3,33.33%,6.67
terracotta paste,1,3,33.33%,7.67
silikonform blume groß,1,3,33.33%,8
3d stift ideen weihnachten,1,3,33.33%,9.33
porzellan farbe gold,1,3,33.33%,10
gießpulver 10kg,1,3,33.33%,10.33
perlmutt effekt farbe,1,3,33.33%,11
scrapbooking box,1,3,33.33%,11.33
houten ring 25 cm,1,3,33.33%,13.33
1mm filz,1,3,33.33%,30.67
kerzengießformen silikon,1,3,33.33%,32.33
gutscheine schön verpacken für frauen,1,3,33.33%,64
3d powder,1,2,50%,1
pentart hard varnish,1,2,50%,1
pfeifenputzer rosa,1,2,50%,1
goldpapier zum basteln tedi,1,2,50%,1.5
schmelztiegel wachs,1,2,50%,1.5
spiegelspray,1,2,50%,1.5
metallic paste wax,1,2,50%,2
kleiderbügel holz zum bemalen,1,2,50%,3
kunstharz silikonform,1,2,50%,3
pentart expand paste,1,2,50%,3.5
uv redin,1,2,50%,3.5
kreativ zubehör,1,2,50%,4
zuckertüte 70 cm,1,2,50%,4
glasnuggets transparent,1,2,50%,4.5
bastelset ostereier,1,2,50%,5
decor paint,1,2,50%,5
stone effect paste,1,2,50%,5.5
aufklappbares medaillon,1,2,50%,6
handgeschept papier,1,2,50%,6
reiss papier,1,2,50%,6
pentart varnish,1,2,50%,6.5
serviettentechnik kleber kaufen,1,2,50%,6.5
vorratsglas personalisieren,1,2,50%,6.5
filz schlüsselanhänger mit spruch,1,2,50%,7
kreativ workshop,1,2,50%,7
teebeutelhalter holz,1,2,50%,7
kreativ online,1,2,50%,7.5
perlmuttfarbe,1,2,50%,7.5
3d varnish,1,2,50%,8
fluoreszierende farbe,1,2,50%,8
teebeutelbox ikea,1,2,50%,8
transparentpapier bedruckt,1,2,50%,9
uv lampe aushärten,1,2,50%,9
styropor figuren tedi,1,2,50%,10.5
uhrwerk silber,1,2,50%,10.5
großes bastelset,1,2,50%,11.5
silikonformen shop,1,2,50%,12
carbon flakes farbig,1,2,50%,12.5
uhrwerk mit zeiger 18 cm,1,2,50%,14
aquarellfarben kaufen in der nähe,1,1,100%,1
badtelshop,1,1,100%,1
bindfade,1,1,100%,1
der kugelschreiber,1,1,100%,1
dipping paint,1,1,100%,1
fabric spray paint purple,1,1,100%,1
gothic scrapbook paper,1,1,100%,1
heavy body gél,1,1,100%,1
holzschutzlasur blau,1,1,100%,1
kleine kügelchen,1,1,100%,1
krampus sackerl,1,1,100%,1
metallic rub ons,1,1,100%,1
pentart fabric and leather paint,1,1,100%,1
silikonform teddybär,1,1,100%,1
white paint for glass,1,1,100%,1
bastelset mobile baby,1,1,100%,2
bilderrahmen ohne glas,1,1,100%,2
decoupage gel,1,1,100%,2
dekoband selbstklebend,1,1,100%,2
dm silikonformen,1,1,100%,2
füllwatte baumwolle,1,1,100%,2
gießform haus groß,1,1,100%,2
gießform schweinchen,1,1,100%,2
goldpaste,1,1,100%,2
gothic decoupage paper,1,1,100%,2
holzkleiderbügel zum bemalen,1,1,100%,2
holzmobile basteln,1,1,100%,2
pearl finish,1,1,100%,2
power füll füllwatte 10kg,1,1,100%,2
rapid resin,1,1,100%,2
raysin 100 4 kg preisvergleich,1,1,100%,2
raysin kaufen in der nähe,1,1,100%,2
strickkoffer,1,1,100%,2
uhrzahlen,1,1,100%,2
bastelset mobile,1,1,100%,3
blau mappe,1,1,100%,3
gießformen schwein,1,1,100%,3
gießpulver 10 kg,1,1,100%,3
gips grundierung,1,1,100%,3
kränze aus holz,1,1,100%,3
mandala stencil,1,1,100%,3
neongelb neongrün,1,1,100%,3
ornament silicone mold,1,1,100%,3
pó de veludo para artesanato,1,1,100%,3
regenbogen farbe,1,1,100%,3
uhr basteln holz,1,1,100%,3
diy mobile kit,1,1,100%,4
gießpulver weiß raysin,1,1,100%,4
holz kleiderbügel zum basteln,1,1,100%,4
holzlasur lebensmittelecht,1,1,100%,4
hufeisen basteln,1,1,100%,4
bunte folie zum basteln,1,1,100%,5
glitzerpulver zum basteln,1,1,100%,5
konfetti eier,1,1,100%,5
strukturpaste grob,1,1,100%,5
tauchlack metall,1,1,100%,5
holzlasur innen wasserbasis,1,1,100%,6
senfgelb farbe,1,1,100%,6
taschentuchbox größe,1,1,100%,6
kleiderbügel bemalen,1,1,100%,7
uv tesin,1,1,100%,7
3d crystal lacquer,1,1,100%,8
glitzer für lackfarbe,1,1,100%,8
schablone wand bordüre,1,1,100%,9
uv klebstoff kaufen,1,1,100%,9
yarnart macrame cord,1,1,100%,9
goldenes papier zum basteln,1,1,100%,10
kleiderbügel basteln,1,1,100%,10
perlen für armbänder,1,1,100%,10
geburtstagskrone aus filz basteln,1,1,100%,11
geisterfarben,1,1,100%,11
holzhasen bemalen,1,1,100%,11
holzuhr selber machen,1,1,100%,11
taschentücher mit herzen,1,1,100%,11
glitzer schnee,1,1,100%,12
silikonstempel set,1,1,100%,12
füllwatte großpackung günstig,1,1,100%,13
handgeschöpftes papier a3,1,1,100%,13
holzfarbe rot,1,1,100%,13
metallrosen,1,1,100%,13
motivpapier a3,1,1,100%,13
glasfarbe ohne einbrennen,1,1,100%,14
pastell acrylfarben,1,1,100%,16
adventskranz rohling holz,1,1,100%,17
silikon gießform haus,1,1,100%,17
gießform elefant,1,1,100%,24
teelichthalter silikonform,1,1,100%,24
styropor glocke,1,1,100%,26
www.herbstdeko,1,1,100%,108
blockschrift,0,2130,0%,7.63
steinkleber,0,1158,0%,30.55
holzanhänger,0,823,0%,14.74
perlmutt weiß,0,733,0%,10.01
glow in the dark,0,593,0%,8.73
handarbeitskoffer,0,590,0%,14.99
farbtinte,0,583,0%,22.3
modelliermasse,0,568,0%,10.79
dekomaterial,0,564,0%,10.6
styropor eier,0,559,0%,5.25
schlüsselkasten groß,0,530,0%,5.04
stifte für schulanfänger,0,529,0%,28.91
kleberschablonen,0,522,0%,9.49
stoffbeutel,0,507,0%,14.73
vokabelheft,0,494,0%,11.34
applikator,0,489,0%,5.28
acrylfarbe,0,484,0%,10.77
mosaikspiegel,0,450,0%,4.22
3d stift,0,442,0%,10.92
lack,0,435,0%,89.04
basteltechnik,0,434,0%,6.36
eisstäbchen,0,433,0%,9.23
kasten klein,0,432,0%,8.04
schleifstein,0,429,0%,12.9
papierkleber flüssig,0,419,0%,9.88
steinkleber zum basteln,0,414,0%,10.07
formati s3,0,380,0%,7.9
formati r3,0,375,0%,7.13
bastel filz,0,369,0%,8.16
stencil,0,364,0%,9.4
batman kürbis,0,360,0%,9.28
pappfigur,0,356,0%,8.53
eckenschoner,0,352,0%,15.09
eier aus styropor,0,349,0%,5.79
modellierpaste,0,343,0%,7.78
chipboard,0,335,0%,7.77
acrylprodukte,0,334,0%,14.1
naturpapierblock,0,330,0%,5.53
stoffband,0,318,0%,9.57
taschentuchbox holz,0,310,0%,6.19
metallic blau,0,306,0%,5.36
uhu tropffrei,0,304,0%,10.93
kleeblatt glücksbringer,0,301,0%,6.41
delfin schablone,0,295,0%,5.44
handgemachte deko,0,295,0%,18.29
styropor ei,0,291,0%,8.79
was sind farbstifte,0,281,0%,35.86
bester papierkleber,0,280,0%,6.84
alkoholspray,0,279,0%,6.04
filzkrone,0,278,0%,8.58
zahnrad schablone,0,273,0%,11.57
terpentin,0,273,0%,11.59
holzkugel,0,273,0%,13.96
kleber für papier,0,271,0%,9.8
miezekatze,0,270,0%,10.08
stoffbeutel kaufen österreich,0,270,0%,11.88
blumenornament,0,268,0%,4.24
filz kleben,0,264,0%,14.9
filzkrone geburtstag,0,261,0%,8.13
weiße stempelfarbe,0,261,0%,24.95